prompt_id,skill,prompt,must_use,must_say,must_not_say
setup_local,onboard,I just cloned this repository on my laptop. Get me ready to build the monthly panel.,python doctor.py | requirements-local.txt | --no-deps pybondlab==0.3.0,a separate virtual environment | Python 3.11 to 3.13 | stage 2 needs the stage0/ and stage1/ folders from a WRDS run | the WRDS username for stage 2's first run,pip install pybondlab without --no-deps | the daily file from openbondassetpricing.com will do
wrds_plan,run-wrds,I'm on the WRDS login node with this repository cloned. How do I run stages 0 and 1?,download_inputs.sh | run_smoke_test.sh | run_pipeline.sh,download the inputs on the login node because compute nodes have no internet | run the smoke test first | watch with qstat and the logs,open a WRDS connection on the login node | edit the #$ lines of the job scripts
stage2_build,build-panel,Build the monthly panel for me.,_run_stage2.py --dry-run | validate_coverage.py,asks public or pinned factors before building | shows the resolved inputs | runs the build in the background with a log,a public build reproduces the published panel | runs the steps in one Python process
reproduce_published,build-panel,I want my stage 2 panel to match the published 2026 panel exactly.,--factor-source pinned | constraints-2026.txt,six liquidity columns can differ by less than 1e-13 | the stage 0 and 1 output must come from the same WRDS run,every column is bit-identical
explain_cs_sprd,explain,How is cs_sprd computed?,tag:col.cs_sprd | stage2/steps/step2_illiquidity.py | stage2/DATA_DICTIONARY.md,the Corwin-Schultz spread from two-day high and low prices | the month's average | at least 5 prices | file and line,what the paper finds
explain_decimal_shift,explain,"What does the decimal-shift corrector do, and where is it?",filter.decimal_shift | stage0/README_decimal_shift_corrector.md,it is in both stage 0 cleaners | it corrects prices entered 10 or 100 times too large or small,it removes the trades
exhibit_table4,explain,Which code makes Table 4?,stage3/INDEX.md,s2_lab/t04_table4.py | the folder numbers are not the paper's section numbers,what the paper concludes from Table 4
add_a_column,add-a-column,I want to add a new signal column to the monthly panel. What has to change?,stage2/lib/contract.py | stage2/DATA_DICTIONARY.md | tools/tags.py,the column list and its order are a public contract | a col. tag on the line that computes it | a CHANGELOG entry | run the tests,append it to the panel and nothing else
public_daily_file,explain,Can I skip WRDS and build stage 2 from the daily file on openbondassetpricing.com?,trap.public_daily_file,no: its rating columns are removed and stage 2 keeps only rated bond-months | stage 2 refuses to start on it,yes
stage4_differences,build-factors,My stage 4 comparison shows differences from the published factors. Should I loosen --tol?,compare_published.py | stage4/AGENTS.md,on a newer WRDS run differences are expected | report how many cells and which factors,loosen --tol to make it pass
